-- -- 10 projects
-- INSERT INTO projects (id, title, category, funding_goal, start_date, end_date) VALUES
-- (1, 'cat shaver', 'invention', 10000, '1/1/18', '3/1/18'),
-- (2, 'me singing', 'album', 5000, '2/1/18', '5/1/18'),
-- (3, 'Ughhh', 'play', 10000, '2/1/18', '2/28/18'),
-- (4, 'Issues! The Musical!', 'play', 25000, '2/3/18', '3/15/18'),
-- (5, 'Songs', 'album', 1000, '1/1/18', '1/31/18'),
-- (6, 'Other Songs', 'album', 1000, '2/1/18', '2/14/18'),
-- (7, 'not facebook', 'app', 50000, '1/1/18', '3/1/18'),
-- (8, 'shitty twitter', 'app', 10000, '1/1/18', '3/1/18'),
-- (9, 'atomic back scratcher', 'invention', 10000, '7/1/18', '8/1/18'),
-- (10, 'See Through Walls', 'invention', 20000, '5/1/18', '8/1/18');
--
-- -- 20 users
-- INSERT INTO users (id, name, age) VALUES
-- (1, 'Jim', 52),
-- (2, 'Anna', 79),
-- (3, 'Josh', 29),
-- (4, 'Rishi', 22),
-- (5, 'Dave', 62),
-- (6, 'Francine', 32),
-- (7, 'Winston', 21),
-- (8, 'Penelope', 19),
-- (9, 'Sasha', 44),
-- (10, 'Aaron', 33),
-- (11, 'Craig', 42),
-- (12, 'Kraig', 55),
-- (13, 'Gus', 77),
-- (14, 'Barry', 32),
-- (15, 'Amanda', 27),
-- (16, 'Liz', 46),
-- (17, 'Liza', 30),
-- (18, 'Sam', 39),
-- (19, 'Megan', 25),
-- (20, 'Sarah', 27);
--
-- -- 30 pledges
-- INSERT INTO pledges (id, amount, user_id, project_id) VALUES
-- (1, 300.00, 1, 1),
-- (2, 500.00, 1, 2),
-- (3, 700.00, 2, 3),
-- (4, 100.00, 4, 4),
-- (5, 30.00, 3, 5),
-- (6, 20.00, 20 10),
-- (7, 600.00, 19, 9),
-- (8, 300.00, 17, 8),
-- (9, 200.00, 7, 8),
-- (10, 400.00, 11, 7),
-- (11, 900.00, 16, 6),
-- (12, 3000.00, 13, 6),
-- (13, 30.00, 20, 5),
-- (14, 50.00, 4, 10),
-- (15, 24.00, 5, 10),
-- (16, 6000.00, 6, 7),
-- (17, 40000.00, 6, 7),
-- (18, 3.00, 7, 1),
-- (19, 30.00, 8, 1),
-- (20, 10.00, 9, 1),
-- (21, 20.00, 10, 4),
-- (22, 7.00, 19, 2),
-- (23, 11.00, 18, 2),
-- (24, 16.00, 17, 3),
-- (25, 18.00, 16, 3),
-- (26, 44.00, 15, 8),
-- (27, 36.00, 14, 8),
-- (28, 666.00, 13, 6),
-- (29, 78.00, 12, 6),
-- (30, 334.00, 11, 7),
-- (31, 65.00, 15, 5);

INSERT INTO projects (id, title, category, funding_goal, start_date, end_date) VALUES (1, 'Help me buy a guitar', 'music', 500.00, '2013-06-30', '2013-07-30'),
(2, 'My book on SQL', 'books', 20.00, '2013-01-01', '2014-01-01'),
(3, 'The next Harry Potter', 'books', 1000.00, '2013-05-30', '2015-05-30'),
(4, 'Animal shelter needs dog food', 'charity', 400.00, '2013-03-14', '2013-06-30'),
(5, 'Voldement needs a body', 'charity', 6000.00, '2013-03-20', '2013-09-20'),
(6, 'The next Inna-Gadda-Davida', 'music', 200.00, '2014-12-30', '2015-12-30'),
(7, 'Iguana needs tail operation', 'charity', 2000.00, '2013-10-02', '2013-10-30'),
(8, 'I have bed bugs!', 'charity', 800.00, '2014-06-30', '2014-06-31'),
(9, 'I want to teach English in China', 'charity', 3000.00, '2013-06-30', '2013-09-30'),
(10, 'Help save birds of paradise', 'charity', 5000.00, '2012-03-20', '2013-06-30');

-- 20 users
INSERT INTO users (id, name, age) VALUES (1, 'Finnebar', 17), (2, 'Bear', 6), (3, 'Iguana', 4), (4, 'Alex', 33),
(5, 'Amanda', 24), (6, 'Sophie', 24), (7, 'Rosey', 9), (8, 'Victoria', 23), (9, 'Franz', 100), (10, 'Hermione', 30),
(11, 'Voldemort', 90), (12, 'Marisa', 24), (13, 'Swizzle', 4), (14, 'Sirius', 36), (15, 'Albus', 113), (16, 'Squid', 5),
(17, 'Whale', 6), (18, 'Pacha', 5), (19, 'Ena', 24), (20, 'Katie', 24);

-- 30 pledges
INSERT INTO pledges (id, amount, user_id, project_id) VALUES(1, 10.00, 1, 2),
(2, 20.00, 1, 3),
(3, 40.00, 1, 4),
(4, 50.00, 2, 3),
(5, 10.00, 3, 2),
(6, 20.00, 4, 4),
(7, 40.00, 5, 10),
(8, 60.00, 6, 10),
(9, 50.00, 7, 9),
(10, 700.00, 8, 8),
(11, 1000.00, 8, 7),
(12, 40.00, 9, 6),
(13, 50.00, 9, 3),
(14, 50.00, 10, 4),
(15, 24.00, 12, 1),
(16, 34.00, 11, 1),
(17, 12.00, 13, 6),
(18, 19.00, 14, 5),
(19, 20.00, 15, 5),
(20, 40.00, 16, 6),
(21, 35.50, 17, 7),
(22, 40.00, 18, 8),
(23, 60.00, 19, 9),
(24, 70.00, 20, 10),
(25, 100.00, 20, 4),
(26, 40.00, 19, 1),
(27, 20.00, 18, 6),
(28, 90.00, 17, 9),
(29, 230.00, 16, 6),
(30, 450.00, 15, 5);
